{
  "code0": [
    {
      "bottleAmount": "4150000",
      "categoryCode": "code0",
      "expression": "34y",
      "glassAmount": "260000",
      "itemName": "Brora"
    },
    {
      "bottleAmount": "350000",
      "categoryCode": "code0",
      "expression": "12y",
      "glassAmount": "22000",
      "itemName": "Dalmore"
    },
    {
      "bottleAmount": "370000",
      "categoryCode": "code0",
      "expression": "18y",
      "glassAmount": "45000",
      "itemName": ""
    },
    {
      "bottleAmount": "370000",
      "categoryCode": "code0",
      "expression": "15y",
      "glassAmount": "23000",
      "itemName": "Dalwhinnie"
    },
    {
      "bottleAmount": "370000",
      "categoryCode": "code0",
      "expression": "12y",
      "glassAmount": "23000",
      "itemName": "Glendronach"
    },
    {
      "bottleAmount": "720000",
      "categoryCode": "code0",
      "expression": "18y",
      "glassAmount": "45000",
      "itemName": ""
    },
    {
      "bottleAmount": "380000",
      "categoryCode": "code0",
      "expression": "14y",
      "glassAmount": "24000",
      "itemName": "Oban"
    },
    {
      "bottleAmount": "300000",
      "categoryCode": "code0",
      "expression": "12y Dufftown",
      "glassAmount": "19000",
      "itemName": "Singleton"
    },
    {
      "bottleAmount": "350000",
      "categoryCode": "code0",
      "expression": "Glen Ord 15y",
      "glassAmount": "22000",
      "itemName": ""
    },
    {
      "bottleAmount": "580000",
      "categoryCode": "code0",
      "expression": "Glen Ord 18y",
      "glassAmount": "36000",
      "itemName": ""
    },
    {
      "bottleAmount": "380000",
      "categoryCode": "code0",
      "expression": "Quinta",
      "glassAmount": "24000",
      "itemName": ""
    }
  ],
  "code1": [
    {
      "bottleAmount": "610000",
      "categoryCode": "code1",
      "expression": "A'BUNADH",
      "glassAmount": "38000",
      "itemName": "Aberlour"
    },
	{
      "bottleAmount": "370000",
      "categoryCode": "code1",
      "expression": "12y",
      "glassAmount": "23000",
      "itemName": ""
    },
	{
      "bottleAmount": "370000",
      "categoryCode": "code1",
      "expression": "12y",
      "glassAmount": "23000",
      "itemName": "Balvenie"
    },
	{
      "bottleAmount": "530000",
      "categoryCode": "code1",
      "expression": "14y",
      "glassAmount": "33000",
      "itemName": ""
    },
	{
      "bottleAmount": "600000",
      "categoryCode": "code1",
      "expression": "15y",
      "glassAmount": "38000",
      "itemName": ""
    },
	{
      "bottleAmount": "630000",
      "categoryCode": "code1",
      "expression": "17y",
      "glassAmount": "39000",
      "itemName": ""
    },
	{
      "bottleAmount": "1100000",
      "categoryCode": "code1",
      "expression": "21y",
      "glassAmount": "69000",
      "itemName": ""
    },
	{
      "bottleAmount": "2900000",
      "categoryCode": "code1",
      "expression": "25y",
      "glassAmount": "180000",
      "itemName": ""
    },
	{
      "bottleAmount": "330000",
      "categoryCode": "code1",
      "expression": "12y",
      "glassAmount": "21000",
      "itemName": "Cragganmore"
    },
	{
      "bottleAmount": "580000",
      "categoryCode": "code1",
      "expression": "105",
      "glassAmount": "36000",
      "itemName": "Glenfarclas"
    },
	{
      "bottleAmount": "560000",
      "categoryCode": "code1",
      "expression": "15y",
      "glassAmount": "35000",
      "itemName": ""
    },
	{
      "bottleAmount": "350000",
      "categoryCode": "code1",
      "expression": "12y",
      "glassAmount": "22000",
      "itemName": "Glenfiddich"
    },
	{
      "bottleAmount": "430000",
      "categoryCode": "code1",
      "expression": "15y",
      "glassAmount": "27000",
      "itemName": ""
    },
	{
      "bottleAmount": "700000",
      "categoryCode": "code1",
      "expression": "18y",
      "glassAmount": "44000",
      "itemName": ""
    },
	{
      "bottleAmount": "900000",
      "categoryCode": "code1",
      "expression": "21y",
      "glassAmount": "56000",
      "itemName": ""
    },
	{
      "bottleAmount": "2500000",
      "categoryCode": "code1",
      "expression": "30y",
      "glassAmount": "156000",
      "itemName": ""
    },
	{
      "bottleAmount": "340000",
      "categoryCode": "code1",
      "expression": "12y",
      "glassAmount": "21000",
      "itemName": "Glenlivet"
    },
	{
      "bottleAmount": "430000",
      "categoryCode": "code1",
      "expression": "15y",
      "glassAmount": "27000",
      "itemName": ""
    },
	{
      "bottleAmount": "700000",
      "categoryCode": "code1",
      "expression": "18y",
      "glassAmount": "44000",
      "itemName": ""
    },
	{
      "bottleAmount": "900000",
      "categoryCode": "code1",
      "expression": "21y",
      "glassAmount": "56000",
      "itemName": ""
    },
	{
      "bottleAmount": "670000",
      "categoryCode": "code1",
      "expression": "Nadurra",
      "glassAmount": "42000",
      "itemName": ""
    },
	{
      "bottleAmount": "670000",
      "categoryCode": "code1",
      "expression": "1995",
      "glassAmount": "42000",
      "itemName": "Glenrothes"
    },
	{
      "bottleAmount": "420000",
      "categoryCode": "code1",
      "expression": "WMC",
      "glassAmount": "26000",
      "itemName": ""
    },
	{
      "bottleAmount": "370000",
      "categoryCode": "code1",
      "expression": "12y",
      "glassAmount": "23000",
      "itemName": "Macallan"
    },
	{
      "bottleAmount": "470000",
      "categoryCode": "code1",
      "expression": "15y",
      "glassAmount": "29000",
      "itemName": ""
    },
	{
      "bottleAmount": "800000",
      "categoryCode": "code1",
      "expression": "18y",
      "glassAmount": "50000",
      "itemName": ""
    },
	{
      "bottleAmount": "3000000",
      "categoryCode": "code1",
      "expression": "25y",
      "glassAmount": "188000",
      "itemName": ""
    },
	{
      "bottleAmount": "6000000",
      "categoryCode": "code1",
      "expression": "30y",
      "glassAmount": "375000",
      "itemName": ""
    },
	{
      "bottleAmount": "570000",
      "categoryCode": "code1",
      "expression": "Classic Cut",
      "glassAmount": "36000",
      "itemName": ""
    },
	{
      "bottleAmount": "860000",
      "categoryCode": "code1",
      "expression": "Rare Cask Batch No.2",
      "glassAmount": "54000",
      "itemName": ""
    },
	{
      "bottleAmount": "860000",
      "categoryCode": "code1",
      "expression": "Rare Cask Batch No.3",
      "glassAmount": "54000",
      "itemName": ""
    }
  ],
  "code2": [
    {
      "bottleAmount": "380000",
      "categoryCode": "code2",
      "expression": "10y",
      "glassAmount": "24000",
      "itemName": "Ardbeg"
    },
	{
      "bottleAmount": "600000",
      "categoryCode": "code2",
      "expression": "Corryvrckan",
      "glassAmount": "38000",
      "itemName": ""
    },
	{
      "bottleAmount": "520000",
      "categoryCode": "code2",
      "expression": "Uigeadail",
      "glassAmount": "33000",
      "itemName": ""
    },
	{
      "bottleAmount": "350000",
      "categoryCode": "code2",
      "expression": "12y",
      "glassAmount": "22000",
      "itemName": "Bowmore"
    },
	{
      "bottleAmount": "520000",
      "categoryCode": "code2",
      "expression": "15y",
      "glassAmount": "33000",
      "itemName": ""
    },
	{
      "bottleAmount": "680000",
      "categoryCode": "code2",
      "expression": "18y",
      "glassAmount": "43000",
      "itemName": ""
    },
	{
      "bottleAmount": "420000",
      "categoryCode": "code2",
      "expression": "Classic Laddie",
      "glassAmount": "26000",
      "itemName": "Bruichladdich"
    },
	{
      "bottleAmount": "420000",
      "categoryCode": "code2",
      "expression": "Port Charlotte",
      "glassAmount": "26000",
      "itemName": ""
    },
	{
      "bottleAmount": "350000",
      "categoryCode": "code2",
      "expression": "12y",
      "glassAmount": "22000",
      "itemName": "Bunnahabhain"
    },
	{
      "bottleAmount": "640000",
      "categoryCode": "code2",
      "expression": "18y",
      "glassAmount": "40000",
      "itemName": ""
    },
	{
      "bottleAmount": "720000",
      "categoryCode": "code2",
      "expression": "18y",
      "glassAmount": "45000",
      "itemName": "Caol ila"
    },
	{
      "bottleAmount": "500000",
      "categoryCode": "code2",
      "expression": "16y",
      "glassAmount": "31000",
      "itemName": "Lagavulin"
    },
	{
      "bottleAmount": "350000",
      "categoryCode": "code2",
      "expression": "10y",
      "glassAmount": "22000",
      "itemName": "Laphroaig"
    },
	{
      "bottleAmount": "1450000",
      "categoryCode": "code2",
      "expression": "25y",
      "glassAmount": "91000",
      "itemName": ""
    },
	{
      "bottleAmount": "410000",
      "categoryCode": "code2",
      "expression": "Triple Wood",
      "glassAmount": "26000",
      "itemName": ""
    },
	{
      "bottleAmount": "380000",
      "categoryCode": "code2",
      "expression": "Q/C",
      "glassAmount": "24000",
      "itemName": ""
    }
  ],
   "code3": [
    {
      "bottleAmount": "520000",
      "categoryCode": "code3",
      "expression": "Amarone",
      "glassAmount": "33000",
      "itemName": "Arran"
    },
	{
      "bottleAmount": "520000",
      "categoryCode": "code3",
      "expression": "port",
      "glassAmount": "33000",
      "itemName": ""
    },
	{
      "bottleAmount": "520000",
      "categoryCode": "code3",
      "expression": "Sauternes",
      "glassAmount": "33000",
      "itemName": ""
    },
	{
      "bottleAmount": "350000",
      "categoryCode": "code3",
      "expression": "12y",
      "glassAmount": "22000",
      "itemName": "Highland Park"
    },
	{
      "bottleAmount": "580000",
      "categoryCode": "code3",
      "expression": "18y",
      "glassAmount": "36000",
      "itemName": ""
    },
	{
      "bottleAmount": "1700000",
      "categoryCode": "code3",
      "expression": "25y",
      "glassAmount": "110000",
      "itemName": ""
    },
	{
      "bottleAmount": "3000000",
      "categoryCode": "code3",
      "expression": "30y",
      "glassAmount": "190000",
      "itemName": ""
    },
	{
      "bottleAmount": "300000",
      "categoryCode": "code3",
      "expression": "10y",
      "glassAmount": "19000",
      "itemName": "Talisker"
    },
	{
      "bottleAmount": "320000",
      "categoryCode": "code3",
      "expression": "storm",
      "glassAmount": "20000",
      "itemName": ""
    }
  ],
   "code4": [
    {
      "bottleAmount": "680000",
      "categoryCode": "code4",
      "expression": "Victoriana",
      "glassAmount": "43000",
      "itemName": "Glen Scotia"
    },
	{
      "bottleAmount": "410000",
      "categoryCode": "code4",
      "expression": "",
      "glassAmount": "26000",
      "itemName": "Hazelburn"
    },
	{
      "bottleAmount": "410000",
      "categoryCode": "code4",
      "expression": "",
      "glassAmount": "26000",
      "itemName": "Longrow"
    },
	{
      "bottleAmount": "410000",
      "categoryCode": "code4",
      "expression": "10y",
      "glassAmount": "26000",
      "itemName": "Springbank"
    },
	{
      "bottleAmount": "620000",
      "categoryCode": "code4",
      "expression": "15y",
      "glassAmount": "39000",
      "itemName": ""
    }
  ],
   "code5": [
    {
      "bottleAmount": "350000",
      "categoryCode": "code5",
      "expression": "12y",
      "glassAmount": "22000",
      "itemName": "Auchentoshan"
    },
	{
      "bottleAmount": "520000",
      "categoryCode": "code5",
      "expression": "Three Wood",
      "glassAmount": "33000",
      "itemName": ""
    },
	{
      "bottleAmount": "350000",
      "categoryCode": "code5",
      "expression": "12y",
      "glassAmount": "22000",
      "itemName": "Glenkinchie"
    }
  ],
   "code6": [
    {
      "bottleAmount": "350000",
      "categoryCode": "code6",
      "expression": "",
      "glassAmount": "22000",
      "itemName": "Chita Single Grain"
    },
	{
      "bottleAmount": "540000",
      "categoryCode": "code6",
      "expression": "D/R",
      "glassAmount": "34000",
      "itemName": "Hakushu"
    },
	{
      "bottleAmount": "470000",
      "categoryCode": "code6",
      "expression": "Japanese Harmony",
      "glassAmount": "30000",
      "itemName": "Hibiki"
    },
	{
      "bottleAmount": "720000",
      "categoryCode": "code6",
      "expression": "12y",
      "glassAmount": "45000",
      "itemName": "Yamazaki"
    },
	{
      "bottleAmount": "540000",
      "categoryCode": "code6",
      "expression": "D/R",
      "glassAmount": "34000",
      "itemName": ""
    }
  ],
   "code7": [
    {
      "bottleAmount": "680000",
      "categoryCode": "code7",
      "expression": "Sherry Oak",
      "glassAmount": "43000",
      "itemName": "Kavalan"
    },
	{
      "bottleAmount": "850000",
      "categoryCode": "code7",
      "expression": "Solist Oloroso Sherry Cask",
      "glassAmount": "53000",
      "itemName": ""
    }
  ],
   "code8": [
    {
      "bottleAmount": "540000",
      "categoryCode": "code8",
      "expression": "Cask Strenght",
      "glassAmount": "34000",
      "itemName": "Amrut"
    },
	{
      "bottleAmount": "470000",
      "categoryCode": "code8",
      "expression": "Fusion",
      "glassAmount": "29000",
      "itemName": ""
    }
  ],
   "code9": [
    {
      "bottleAmount": "530000",
      "categoryCode": "code9",
      "expression": "17y",
      "glassAmount": "33000",
      "itemName": "Ballantine's"
    },
	{
      "bottleAmount": "660000",
      "categoryCode": "code9",
      "expression": "21y",
      "glassAmount": "41000",
      "itemName": ""
    },
	{
      "bottleAmount": "240000",
      "categoryCode": "code9",
      "expression": "12y",
      "glassAmount": "15000",
      "itemName": "Dewer's"
    },
	{
      "bottleAmount": "520000",
      "categoryCode": "code9",
      "expression": "18y",
      "glassAmount": "33000",
      "itemName": ""
    },
	{
      "bottleAmount": "800000",
      "categoryCode": "code9",
      "expression": "Blue",
      "glassAmount": "50000",
      "itemName": "Johnnie Walker"
    },
	{
      "bottleAmount": "240000",
      "categoryCode": "code9",
      "expression": "Double Black",
      "glassAmount": "15000",
      "itemName": ""
    },
	{
      "bottleAmount": "260000",
      "categoryCode": "code9",
      "expression": "Blended Malt",
      "glassAmount": "16000",
      "itemName": "Naked Grouse"
    },
	{
      "bottleAmount": "240000",
      "categoryCode": "code9",
      "expression": "12y",
      "glassAmount": "15000",
      "itemName": "Old par"
    },
	{
      "bottleAmount": "730000",
      "categoryCode": "code9",
      "expression": "21y",
      "glassAmount": "46000",
      "itemName": "Royal Salute"
    }
  ],
   "code10": [
    {
      "bottleAmount": "240000",
      "categoryCode": "code10",
      "expression": "",
      "glassAmount": "15000",
      "itemName": "Bushmills Original"
    },
	{
      "bottleAmount": "240000",
      "categoryCode": "code10",
      "expression": "",
      "glassAmount": "15000",
      "itemName": "Jameson"
    }
  ],
   "code11": [
    {
      "bottleAmount": "240000",
      "categoryCode": "code11",
      "expression": "12y",
      "glassAmount": "15000",
      "itemName": "Canadian Ciub"
    },
	{
      "bottleAmount": "240000",
      "categoryCode": "code11",
      "expression": "",
      "glassAmount": "15000",
      "itemName": "Crown Royal"
    }
  ],
   "code12": [
    {
      "bottleAmount": "240000",
      "categoryCode": "code12",
      "expression": "",
      "glassAmount": "15000",
      "itemName": "Jack Daniel's"
    },
	{
      "bottleAmount": "390000",
      "categoryCode": "code12",
      "expression": "Bourbon",
      "glassAmount": "24000",
      "itemName": "James E.Pepper"
    },
	{
      "bottleAmount": "390000",
      "categoryCode": "code12",
      "expression": "Rye",
      "glassAmount": "24000",
      "itemName": ""
    },
	{
      "bottleAmount": "280000",
      "categoryCode": "code12",
      "expression": "",
      "glassAmount": "18000",
      "itemName": "Knob Creek"
    },
	{
      "bottleAmount": "240000",
      "categoryCode": "code12",
      "expression": "",
      "glassAmount": "15000",
      "itemName": "Maker's Mark"
    },
	{
      "bottleAmount": "350000",
      "categoryCode": "code12",
      "expression": "",
      "glassAmount": "22000",
      "itemName": "Russell's Reserve Single Barrel"
    },
	{
      "bottleAmount": "330000",
      "categoryCode": "code12",
      "expression": "4y",
      "glassAmount": "21000",
      "itemName": "Templeton Rye"
    },
	{
      "bottleAmount": "240000",
      "categoryCode": "code12",
      "expression": "101",
      "glassAmount": "15000",
      "itemName": "Wild Turkey"
    },
	{
      "bottleAmount": "400000",
      "categoryCode": "code12",
      "expression": "Rare Breed",
      "glassAmount": "25000",
      "itemName": ""
    },
	{
      "bottleAmount": "420000",
      "categoryCode": "code12",
      "expression": "",
      "glassAmount": "26000",
      "itemName": "Woodford Reserve"
    }
  ],
   "code13": [
    {
      "bottleAmount": "320000",
      "categoryCode": "code13",
      "expression": "",
      "glassAmount": "20000",
      "itemName": "Brugal 1888"
    },
	{
      "bottleAmount": "360000",
      "categoryCode": "code13",
      "expression": "Reserva Exclusiva",
      "glassAmount": "23000",
      "itemName": "Diplomatico"
    },
	{
      "bottleAmount": "280000",
      "categoryCode": "code13",
      "expression": "23",
      "glassAmount": "18000",
      "itemName": "Ron zacapa"
    },
	{
      "bottleAmount": "600000",
      "categoryCode": "code13",
      "expression": "X.O",
      "glassAmount": "38000",
      "itemName": ""
    }
  ],
   "code14": [
    {
      "bottleAmount": "320000",
      "categoryCode": "code14",
      "expression": "V.S.O.P",
      "glassAmount": "20000",
      "itemName": "Camus"
    },
	{
      "bottleAmount": "800000",
      "categoryCode": "code14",
      "expression": "X.O",
      "glassAmount": "50000",
      "itemName": ""
    },
	{
      "bottleAmount": "320000",
      "categoryCode": "code14",
      "expression": "V.S.O.P",
      "glassAmount": "20000",
      "itemName": "Hennessy"
    },
	{
      "bottleAmount": "800000",
      "categoryCode": "code14",
      "expression": "X.O",
      "glassAmount": "50000",
      "itemName": ""
    },
	{
      "bottleAmount": "280000",
      "categoryCode": "code14",
      "expression": "V.S.O.P",
      "glassAmount": "18000",
      "itemName": "Martell"
    },
	{
      "bottleAmount": "660000",
      "categoryCode": "code14",
      "expression": "X.O",
      "glassAmount": "40000",
      "itemName": ""
    },
	{
      "bottleAmount": "320000",
      "categoryCode": "code14",
      "expression": "V.S.O.P",
      "glassAmount": "20000",
      "itemName": "Remy Martin"
    },
	{
      "bottleAmount": "800000",
      "categoryCode": "code14",
      "expression": "X.O",
      "glassAmount": "50000",
      "itemName": ""
    }
  ],
   "code15": [
    {
      "bottleAmount": "280000",
      "categoryCode": "code15",
      "expression": "",
      "glassAmount": "18000",
      "itemName": "Bombay Sapphire"
    },
	{
      "bottleAmount": "320000",
      "categoryCode": "code15",
      "expression": "",
      "glassAmount": "20000",
      "itemName": "Botanist"
    },
	{
      "bottleAmount": "300000",
      "categoryCode": "code15",
      "expression": "",
      "glassAmount": "19000",
      "itemName": "Hendrick's"
    },
	{
      "bottleAmount": "300000",
      "categoryCode": "code15",
      "expression": "Rosa",
      "glassAmount": "19000",
      "itemName": "Malfy Gin"
    },
	{
      "bottleAmount": "320000",
      "categoryCode": "code15",
      "expression": "",
      "glassAmount": "32000",
      "itemName": "Monkey"
    },
	{
      "bottleAmount": "280000",
      "categoryCode": "code15",
      "expression": "London Dry Gin",
      "glassAmount": "18000",
      "itemName": "Tanqueray"
    },
	{
      "bottleAmount": "300000",
      "categoryCode": "code15",
      "expression": "NO.10",
      "glassAmount": "19000",
      "itemName": ""
    }
  ],
   "code16": [
    {
      "bottleAmount": "300000",
      "categoryCode": "code16",
      "expression": "",
      "glassAmount": "19000",
      "itemName": "Belvedere"
    },
	{
      "bottleAmount": "280000",
      "categoryCode": "code16",
      "expression": "",
      "glassAmount": "18000",
      "itemName": "Ciroc"
    },
	{
      "bottleAmount": "300000",
      "categoryCode": "code16",
      "expression": "",
      "glassAmount": "19000",
      "itemName": "GreyGoose"
    },
	{
      "bottleAmount": "280000",
      "categoryCode": "code16",
      "expression": "",
      "glassAmount": "18000",
      "itemName": "Ketel One"
    }
  ],
   "code17": [
    {
      "bottleAmount": "350000",
      "categoryCode": "code17",
      "expression": "Anejo",
      "glassAmount": "22000",
      "itemName": "Donjulio"
    },
	{
      "bottleAmount": "240000",
      "categoryCode": "code17",
      "expression": "Blanco",
      "glassAmount": "15000",
      "itemName": ""
    },
	{
      "bottleAmount": "540000",
      "categoryCode": "code17",
      "expression": "Anejo",
      "glassAmount": "34000",
      "itemName": "Patron"
    },
	{
      "bottleAmount": "420000",
      "categoryCode": "code17",
      "expression": "Silver",
      "glassAmount": "26000",
      "itemName": ""
    }
  ],
   "code18": [
    {
      "bottleAmount": "600000",
      "categoryCode": "code18",
      "expression": "",
      "glassAmount": "",
      "itemName": "Krug Grande Cuvee"
    },
	{
      "bottleAmount": "220000",
      "categoryCode": "code18",
      "expression": "",
      "glassAmount": "",
      "itemName": "G.H HUMM"
    },
	{
      "bottleAmount": "550000",
      "categoryCode": "code18",
      "expression": "",
      "glassAmount": "",
      "itemName": "Perrier Jouet Belle Eqoque"
    },
	{
      "bottleAmount": "250000",
      "categoryCode": "code18",
      "expression": "",
      "glassAmount": "",
      "itemName": "Veuve Clicquot Yellow Lable"
    },
	{
      "bottleAmount": "200000",
      "categoryCode": "code18",
      "expression": "",
      "glassAmount": "",
      "itemName": "Montelvini Spumante"
    }
  ],
   "code19": [
    {
      "bottleAmount": "18000",
      "categoryCode": "code19",
      "expression": "",
      "glassAmount": "",
      "itemName": "Guinness Draught"
    },
	{
      "bottleAmount": "20000",
      "categoryCode": "code19",
      "expression": "",
      "glassAmount": "",
      "itemName": "Damm Inedit"
    },
	{
      "bottleAmount": "19000",
      "categoryCode": "code19",
      "expression": "",
      "glassAmount": "",
      "itemName": "Duvel"
    }
  ],
  "code20": [
    {
      "bottleAmount": "27000",
      "categoryCode": "code20",
      "expression": "",
      "glassAmount": "",
      "itemName": "Black Pearl"
    },
	{
      "bottleAmount": "25000",
      "categoryCode": "code20",
      "expression": "",
      "glassAmount": "",
      "itemName": "Boston Cooler"
    },
	{
      "bottleAmount": "27000",
      "categoryCode": "code20",
      "expression": "",
      "glassAmount": "",
      "itemName": "Brandy Alexander"
    },
	{
      "bottleAmount": "27000",
      "categoryCode": "code20",
      "expression": "",
      "glassAmount": "",
      "itemName": "Brandy Crusta"
    },
	{
      "bottleAmount": "25000",
      "categoryCode": "code20",
      "expression": "",
      "glassAmount": "",
      "itemName": "Citrus Squash"
    },
	{
      "bottleAmount": "25000",
      "categoryCode": "code20",
      "expression": "",
      "glassAmount": "",
      "itemName": "Daiquiri"
    },
	{
      "bottleAmount": "25000",
      "categoryCode": "code20",
      "expression": "",
      "glassAmount": "",
      "itemName": "English Garden"
    },
	{
      "bottleAmount": "25000",
      "categoryCode": "code20",
      "expression": "",
      "glassAmount": "",
      "itemName": "Espresso Martini"
    },
	{
      "bottleAmount": "25000",
      "categoryCode": "code20",
      "expression": "",
      "glassAmount": "",
      "itemName": "Gimlet"
    },
	{
      "bottleAmount": "25000",
      "categoryCode": "code20",
      "expression": "",
      "glassAmount": "",
      "itemName": "Grasshopper"
    },
	{
      "bottleAmount": "25000",
      "categoryCode": "code20",
      "expression": "",
      "glassAmount": "",
      "itemName": "Negroni"
    },
	{
      "bottleAmount": "27000",
      "categoryCode": "code20",
      "expression": "",
      "glassAmount": "",
      "itemName": "Moscow Mule"
    },
	{
      "bottleAmount": "27000",
      "categoryCode": "code20",
      "expression": "",
      "glassAmount": "",
      "itemName": "Old Fashioned(Whisk(e)y/Brandy/Rum)",
      "largeSize": "true"
    },
	{
      "bottleAmount": "25000",
      "categoryCode": "code20",
      "expression": "",
      "glassAmount": "",
      "itemName": "Parisian"
    },
	{
      "bottleAmount": "30000",
      "categoryCode": "code20",
      "expression": "",
      "glassAmount": "",
      "itemName": "Penicillin"
    },
	{
      "bottleAmount": "25000",
      "categoryCode": "code20",
      "expression": "",
      "glassAmount": "",
      "itemName": "Pisco Sour"
    },
	{
      "bottleAmount": "30000",
      "categoryCode": "code20",
      "expression": "",
      "glassAmount": "",
      "itemName": "Sunday Cigar Cocktail"
    },
	{
      "bottleAmount": "30000",
      "categoryCode": "code20",
      "expression": "",
      "glassAmount": "",
      "itemName": "Sazerac"
    },
	{
      "bottleAmount": "30000",
      "categoryCode": "code20",
      "expression": "",
      "glassAmount": "",
      "itemName": "The Arrest of Arsene Lupin"
    },
	{
      "bottleAmount": "25000",
      "categoryCode": "code20",
      "expression": "",
      "glassAmount": "",
      "itemName": "XYZ"
    }
  ]
}